ID,User Name
992401800V,AthukoralaSuper
123587451V,AthukoralaSuper
998432184V
,AthukoralaSuper
981234567V,Sriyani_Text
974562184V,Sriyani_Text
871385415V,Sriyani_Text
893218712V,Sriyani_Text
963218544V
,Sriyani_Text
987236687V,city_phar
200123654789,city_phar
199922378511
,
992408956V,galigamuwa_foodCity
199723456789,galigamuwa_foodCity
954568712V,galigamuwa_foodCity
922563987V,galigamuwa_foodCity
200123654789
,
200023654896,helabojun
986661859V,helabojun
563874325681,helabojun
992022280V,helabojun